{"1": [{"x": 0.23822474771243504, "y": 0.17123458142104792, "ex": 0.6892328138182328, "ey": 0.8193375611018746}], "2": [{"x": 0.1464617448721392, "y": 0.11847043714595756, "ex": 0.8161630309025784, "ey": 0.9318346988959352}], "4": [{"x": 0.18095166811345392, "y": 0.1443547343375113, "ex": 0.7823683611982832, "ey": 0.847212958077394}], "5": [{"x": 0.1741240993459879, "y": 0.2538652224556234, "ex": 0.7974732331597635, "ey": 0.8263064103457545}], "6": [{"x": 0.25211307112514514, "y": 0.08462174081854112, "ex": 0.730728446550747, "ey": 0.7765289157466126}], "7": [{"x": 0.2767531762562604, "y": 0.21006102720837855, "ex": 0.6792082267311425, "ey": 0.7705556163947156}], "8": [{"x": 0.24464637260056477, "y": 0.195127778828636, "ex": 0.6777148870262263, "ey": 0.9109281511642956}], "9": [{"x": 0.1120880436726175, "y": 0.20508327774846435, "ex": 0.7599189093867185, "ey": 0.8750883550529135}]}