{"1": [{"x": 0.190916209309729, "y": 0.1413680846615628, "ex": 0.7704458047428782, "ey": 0.8750883550529135}], "2": [{"x": 0.1464617448721392, "y": 0.11847043714595756, "ex": 0.8161630309025784, "ey": 0.9318346988959352}], "4": [{"x": 0.18095166811345392, "y": 0.1443547343375113, "ex": 0.7823683611982832, "ey": 0.847212958077394}], "5": [{"x": 0.1038665231127806, "y": 0.20806992742441288, "ex": 0.7556176558293421, "ey": 0.920883650084124}], "6": [{"x": 0.24912639171531298, "y": 0.19114557926070463, "ex": 0.7075816811245478, "ey": 0.8014176630461836}], "7": [{"x": 0.2513664012726871, "y": 0.16426573217716806, "ex": 0.5649677393050627, "ey": 0.69489382460402}]}