{"cat_12_test/06yUTYIeaRsE782Ou5dh1NPzm9XpkBoL.jpg": [{"x": 0.24551489599694304, "y": 0.26313502447879955, "ex": 0.6810233521194661, "ey": 0.6059347811392539}], "cat_12_test/0inVXMEgaBO4Fcrhdj9bkLvHzN71yTuI.jpg": [{"x": 0.22196936414802712, "y": 0.167778754140152, "ex": 0.7858632223890747, "ey": 0.5721376220318852}], "cat_12_test/0l8jL4ROZqzBYXeGH3fFyxPCJEs2togc.jpg": [{"x": 0.2747720331845106, "y": 0.05069573866105312, "ex": 0.7214669744046167, "ey": 0.8135459013702334}], "cat_12_test/0vqnOQ8N7JfRxYLuHWG5BKiwb3ltMkg1.jpg": [{"x": 0.19371921068055362, "y": 0.07121544240481271, "ex": 0.7387030060128852, "ey": 0.8195811083536921}], "cat_12_test/1nvK0pif9zLc74MCeYrOyqx6ZVQ3EGNH.jpg": [{"x": 0.23289206499111154, "y": 0.004828165586766964, "ex": 0.8933358832369728, "ey": 0.7519867901389546}], "cat_12_test/1oCwQeU3KzI2bESWZVDvacAxHhg4O0p5.jpg": [{"x": 0.2381970412217761, "y": 0.08932106335518883, "ex": 0.7515235785712698, "ey": 0.7459515831554959}], "cat_12_test/1pMk2hNyv4WXfEVlOxd0I7wbUL6ur9cP.jpg": [{"x": 0.1792442521898565, "y": 0.11949709827248235, "ex": 0.7861319243229828, "ey": 0.8135459013702334}], "cat_12_test/1ry0uScsWatxqJ8zAnkVD9j3QRUiZC7h.jpg": [{"x": 0.12821983882175836, "y": 0.03983236609082745, "ex": 0.7431412922142352, "ey": 0.8557923502544443}], "cat_12_test/2Gz5sW0vnPYapF1btMZK6qUQJcA8xyIB.jpg": [{"x": 0.28605865773021777, "y": 0.20761112023097944, "ex": 0.6255419189422183, "ey": 0.8401008120974517}], "cat_12_test/2JpNeS5GmtdOV3B9I8TZRAxUEvPc7i1w.jpg": [{"x": 0.07512639143049477, "y": 0.2245096997846638, "ex": 0.8038837921655893, "ey": 0.801475487403316}], "cat_12_test/2NbvoGleSIPmdiXLjVwgM40CBZWr7qU9.jpg": [{"x": 0.13306486801067618, "y": 0.11829005687579061, "ex": 0.9559722931885655, "ey": 0.931835958246024}], "cat_12_test/3ZlItXUDgHEJLPr0bSAzisp8YfvxuGBW.jpg": [{"x": 0.2498471098676044, "y": 0.1593294643633098, "ex": 0.7749145538754986, "ey": 0.8582064330478278}], "cat_12_test/3ZnpIokh2jNDrY0caqU8QOK4EufswdzA.jpg": [{"x": 0.3161954375670614, "y": 0.20398999604090423, "ex": 0.7546056195834276, "ey": 0.871483888411437}], "cat_12_test/3c5RAvm0gXYMG4tPq1Ezj69pBoDTnfeQ.jpg": [{"x": 0.19227193577983573, "y": 0.11708301547909887, "ex": 0.8238646723074169, "ey": 0.8763120539982039}], "cat_12_test/4EsB9uIMd3KfJFN8vnRp1ZtGzY0wOo5T.jpg": [{"x": 0.06572801341483908, "y": 0.21123224442105468, "ex": 0.8083868041639487, "ey": 0.7447445417588042}], "cat_12_test/4U3ZhLBQcmPJe8oFrnsG7ukqVHbKWpN5.jpg": [{"x": 0.13355193192262507, "y": 0.002414082793383482, "ex": 0.7853881684698347, "ey": 0.8075106943867747}], "cat_12_test/4VDRm8FSxzGogy76PvIl5ueTKCkqW9j2.jpg": [{"x": 0.0488410324728473, "y": 0.11346189128902365, "ex": 0.6974319164716435, "ey": 0.8895895093618131}], "cat_12_test/54WKtDUABlunX2qaeZHkyCpLjSbwsoRg.jpg": [{"x": 0.14895317111302, "y": 0.2389941965449647, "ex": 0.9246012681896886, "ey": 0.7906121148330904}], "cat_12_test/57WzFTfABcHDSi8OI3E4XpYVrgR6kqxb.jpg": [{"x": 0.2360923544904421, "y": 0.10984076709894842, "ex": 0.9979139329653433, "ey": 0.9764964899236185}], "cat_12_test/5MHKj6mt0ueR2UiGpACZxsaIoEJqw38T.jpg": [{"x": 0.11643611219480621, "y": 0.1412238434129337, "ex": 0.9806874886398522, "ey": 0.9777035313203102}], "cat_12_test/5kBePEqnQWLZx4Fi7VCbm6a80fS93DzR.jpg": [{"x": 0.2232236256586547, "y": 0.1327745536360915, "ex": 0.6904871286121127, "ey": 0.9704612829401598}], "cat_12_test/5pORyFW1D8K472SM0xNcTbvGAXwf6sEl.jpg": [{"x": 0.05879555962203765, "y": 0.15450129877654284, "ex": 0.9109377456325034, "ey": 0.773713535279406}], "cat_12_test/5wUtIn3aLRvmohgPT6FrfHEGiBM9e7yd.jpg": [{"x": 0.12169561161224404, "y": 0.19554070626406203, "ex": 0.8181510201383244, "ey": 0.8823472609816626}], "cat_12_test/642bPVHUQ5xBWnfgiGSREmtc8FsMj1eT.jpg": [{"x": 0.13364666942256004, "y": 0.09535627033864753, "ex": 0.8360497614519227, "ey": 0.5697235392385017}], "cat_12_test/64FHGv0hpi1QeDBanL9jd5NTPbuURKsA.jpg": [{"x": 0.12271718941275404, "y": 0.07000840100812097, "ex": 0.8923146240879719, "ey": 0.7145685068415106}], "cat_12_test/68r3FljBN0HU1WYoMwsRAOv5CKcpXxyu.jpg": [{"x": 0.058500190633825846, "y": 0.24020123794165646, "ex": 0.8246494054212284, "ey": 0.8907965507585048}]}