{"cat_12_test/06yUTYIeaRsE782Ou5dh1NPzm9XpkBoL.jpg": [{"x": 0.24551489599694304, "y": 0.26313502447879955, "ex": 0.6810233521194661, "ey": 0.6059347811392539}], "cat_12_test/0inVXMEgaBO4Fcrhdj9bkLvHzN71yTuI.jpg": [{"x": 0.24551489599694304, "y": 0.26313502447879955, "ex": 0.6810233521194661, "ey": 0.6059347811392539}], "cat_12_test/0l8jL4ROZqzBYXeGH3fFyxPCJEs2togc.jpg": [{"x": 0.24551489599694304, "y": 0.26313502447879955, "ex": 0.6810233521194661, "ey": 0.6059347811392539}], "cat_12_test/0vqnOQ8N7JfRxYLuHWG5BKiwb3ltMkg1.jpg": [{"x": 0.24551489599694304, "y": 0.26313502447879955, "ex": 0.6810233521194661, "ey": 0.6059347811392539}], "cat_12_test/1nvK0pif9zLc74MCeYrOyqx6ZVQ3EGNH.jpg": [{"x": 0.24551489599694304, "y": 0.26313502447879955, "ex": 0.6810233521194661, "ey": 0.6059347811392539}], "cat_12_test/1oCwQeU3KzI2bESWZVDvacAxHhg4O0p5.jpg": [{"x": 0.24551489599694304, "y": 0.26313502447879955, "ex": 0.6810233521194661, "ey": 0.6059347811392539}], "cat_12_test/1pMk2hNyv4WXfEVlOxd0I7wbUL6ur9cP.jpg": [{"x": 0.24551489599694304, "y": 0.26313502447879955, "ex": 0.6810233521194661, "ey": 0.6059347811392539}], "cat_12_test/1ry0uScsWatxqJ8zAnkVD9j3QRUiZC7h.jpg": [{"x": 0.24551489599694304, "y": 0.26313502447879955, "ex": 0.6810233521194661, "ey": 0.6059347811392539}], "cat_12_test/2Gz5sW0vnPYapF1btMZK6qUQJcA8xyIB.jpg": [{"x": 0.24551489599694304, "y": 0.26313502447879955, "ex": 0.6810233521194661, "ey": 0.6059347811392539}], "cat_12_test/2JpNeS5GmtdOV3B9I8TZRAxUEvPc7i1w.jpg": [{"x": 0.24551489599694304, "y": 0.26313502447879955, "ex": 0.6810233521194661, "ey": 0.6059347811392539}], "cat_12_test/2NbvoGleSIPmdiXLjVwgM40CBZWr7qU9.jpg": [{"x": 0.24551489599694304, "y": 0.26313502447879955, "ex": 0.6810233521194661, "ey": 0.6059347811392539}], "cat_12_test/3ZlItXUDgHEJLPr0bSAzisp8YfvxuGBW.jpg": [{"x": 0.24551489599694304, "y": 0.26313502447879955, "ex": 0.6810233521194661, "ey": 0.6059347811392539}], "cat_12_test/3ZnpIokh2jNDrY0caqU8QOK4EufswdzA.jpg": [{"x": 0.24551489599694304, "y": 0.26313502447879955, "ex": 0.6810233521194661, "ey": 0.6059347811392539}], "cat_12_test/3c5RAvm0gXYMG4tPq1Ezj69pBoDTnfeQ.jpg": [{"x": 0.24551489599694304, "y": 0.26313502447879955, "ex": 0.6810233521194661, "ey": 0.6059347811392539}], "cat_12_test/4EsB9uIMd3KfJFN8vnRp1ZtGzY0wOo5T.jpg": [{"x": 0.24551489599694304, "y": 0.26313502447879955, "ex": 0.6810233521194661, "ey": 0.6059347811392539}], "cat_12_test/4U3ZhLBQcmPJe8oFrnsG7ukqVHbKWpN5.jpg": [{"x": 0.24551489599694304, "y": 0.26313502447879955, "ex": 0.6810233521194661, "ey": 0.6059347811392539}], "cat_12_test/4VDRm8FSxzGogy76PvIl5ueTKCkqW9j2.jpg": [{"x": 0.24551489599694304, "y": 0.26313502447879955, "ex": 0.6810233521194661, "ey": 0.6059347811392539}], "cat_12_test/54WKtDUABlunX2qaeZHkyCpLjSbwsoRg.jpg": [{"x": 0.24551489599694304, "y": 0.26313502447879955, "ex": 0.6810233521194661, "ey": 0.6059347811392539}], "cat_12_test/57WzFTfABcHDSi8OI3E4XpYVrgR6kqxb.jpg": [{"x": 0.24551489599694304, "y": 0.26313502447879955, "ex": 0.6810233521194661, "ey": 0.6059347811392539}], "cat_12_test/5MHKj6mt0ueR2UiGpACZxsaIoEJqw38T.jpg": [{"x": 0.24551489599694304, "y": 0.26313502447879955, "ex": 0.6810233521194661, "ey": 0.6059347811392539}], "cat_12_test/5kBePEqnQWLZx4Fi7VCbm6a80fS93DzR.jpg": [{"x": 0.24551489599694304, "y": 0.26313502447879955, "ex": 0.6810233521194661, "ey": 0.6059347811392539}], "cat_12_test/5pORyFW1D8K472SM0xNcTbvGAXwf6sEl.jpg": [{"x": 0.24551489599694304, "y": 0.26313502447879955, "ex": 0.6810233521194661, "ey": 0.6059347811392539}], "cat_12_test/5wUtIn3aLRvmohgPT6FrfHEGiBM9e7yd.jpg": [{"x": 0.24551489599694304, "y": 0.26313502447879955, "ex": 0.6810233521194661, "ey": 0.6059347811392539}], "cat_12_test/642bPVHUQ5xBWnfgiGSREmtc8FsMj1eT.jpg": [{"x": 0.24551489599694304, "y": 0.26313502447879955, "ex": 0.6810233521194661, "ey": 0.6059347811392539}], "cat_12_test/64FHGv0hpi1QeDBanL9jd5NTPbuURKsA.jpg": [{"x": 0.24551489599694304, "y": 0.26313502447879955, "ex": 0.6810233521194661, "ey": 0.6059347811392539}], "cat_12_test/68r3FljBN0HU1WYoMwsRAOv5CKcpXxyu.jpg": [{"x": 0.24551489599694304, "y": 0.26313502447879955, "ex": 0.6810233521194661, "ey": 0.6059347811392539}]}