{"1": [{"x": 0.1357421875, "y": 0.3603514409605181, "ex": 0.19384765625, "ey": 0.4553136934651475}, {"x": 0.197265625, "y": 0.30882936779311276, "ex": 0.236328125, "ey": 0.4179349345005593}], "2": [{"x": 0.27037006514132705, "y": 0.43804195247244815, "ex": 0.5862922792516343, "ey": 0.5933477356217707}, {"x": 0.7017764499558223, "y": 0.38229115852140927, "ex": 0.8119510036161396, "ey": 0.5814011369179767}], "3": [{"x": 0.3375546847804916, "y": 0.4708950989078818, "ex": 0.47148917622724934, "ey": 0.609276533893496}, {"x": 0.5377933799137631, "y": 0.5017571455593497, "ex": 0.7134995196830245, "ey": 0.6779694764403118}], "4": [{"x": 0.3350739637301208, "y": 0.29966051748683387, "ex": 0.673921312999275, "ey": 0.5266458928589206}], "5": [{"x": 0.2669800262462366, "y": 0.24888747299570918, "ex": 0.6280360359587871, "ey": 0.4768683982597788}], "6": [{"x": 0.40667373058395884, "y": 0.3066293667307137, "ex": 0.5358476150591993, "ey": 0.542574691130646}], "7": [{"x": 0.1362279960302542, "y": 0.14037253476957998, "ex": 0.5096145399475953, "ey": 0.3504335619779585}], "8": [{"x": 0.35350514504779385, "y": 0.26182962159148604, "ex": 0.6195870295054726, "ey": 0.4350553027964996}], "9": [{"x": 0.1881051657173983, "y": 0.21603432656027557, "ex": 0.5864611989159512, "ey": 0.7795155654225612}], "10": [{"x": 0.09117048991069059, "y": 0.06471074297888439, "ex": 0.7907125354406567, "ey": 0.6471074297888438}], "11": [{"x": 0.08987785349965986, "y": 0.08263064103457544, "ex": 0.47871786144675493, "ey": 0.5296325425348691}], "12": [{"x": 0.1038665231127806, "y": 0.16426573217716806, "ex": 0.7541228137818271, "ey": 0.6490985295728096}], "13": [{"x": 0.05125888081393314, "y": 0.16725238185311656, "ex": 0.469393998190434, "ey": 0.5146992941551266}], "14": [{"x": 0.21926225104450867, "y": 0.22399872569613827, "ex": 0.7135018239460252, "ey": 0.5336147421028005}], "15": [{"x": 0.5316631567637358, "y": 0.16725238185311656, "ex": 0.9150825542676403, "ey": 0.5505390902665087}], "16": [{"x": 0.12593454523414715, "y": 0.2329586747239838, "ex": 0.7414493943435881, "ey": 0.5405835913466803}], "17": [{"x": 0.3131259548092017, "y": 0.06968849243879857, "ex": 0.7735834222931305, "ey": 0.29169611835097115}], "18": [{"x": 0.4119723100295194, "y": 0.152319133473374, "ex": 0.9639918210639612, "ey": 0.32654036457037044}], "19": [{"x": 0.23266088235778362, "y": 0.2797495196471771, "ex": 0.4024464907934476, "ey": 0.4808505978277101}], "20": [{"x": 0.36859798045293524, "y": 0.15630133304130536, "ex": 0.8504457271842022, "ey": 0.3653668103577011}], "21": [{"x": 0.13554386813570737, "y": 0.08163509114259261, "ex": 0.3479998943443749, "ey": 0.4768683982597788}], "22": [{"x": 0.18830613425925927, "y": 0.07367069200672992, "ex": 0.6398616898148148, "ey": 0.384282258305375}], "23": [{"x": 0.3566513421042261, "y": 0.09358168984638665, "ex": 0.9035418976229093, "ey": 0.32156261511045625}], "24": [{"x": 0.3796963788148942, "y": 0.09855943930630083, "ex": 0.7882703798892925, "ey": 0.4957838462074527}]}