{"3": [{"x": 0.42767173344224696, "y": 0.4023445261275581, "ex": 0.6493217652961437, "ey": 0.706338168090602}], "4": [{"x": 0.25710374582985623, "y": 0.23246572620703357, "ex": 0.6721157044329722, "ey": 0.8434333399562884}], "7": [{"x": 0.17162235361331493, "y": 0.13709517186568645, "ex": 0.7538921018023457, "ey": 0.6795151996820982}], "1": [{"x": 0.20130898497265926, "y": 0.31690840453010133, "ex": 0.7356500804493458, "ey": 0.7560103318100536}], "29": "3", "5": [{"x": 0.356501758131002, "y": 0.22153785018875422, "ex": 0.7457027003306759, "ey": 0.6815020862308762}], "31": "1", "10": [{"x": 0.0693425006449636, "y": 0.1470296046095768, "ex": 0.8881901532568566, "ey": 0.8791972978342937}], "2": [{"x": 0.05518338619805142, "y": 0.3179018478044904, "ex": 0.6468054835058001, "ey": 0.6815020862308762}], "34": "2", "33": "3", "6": [{"x": 0.14618065394891339, "y": 0.2543214782435923, "ex": 0.7463302434734665, "ey": 0.706338168090602}], "8": [{"x": 0.2864947149221077, "y": 0.2731969004569839, "ex": 0.625214170862219, "ey": 0.8394595668587324}], "9": [{"x": 0.28616203377513727, "y": 0.27220345718259487, "ex": 0.6639197770637904, "ey": 0.7788595271210014}], "11": [{"x": 0.3047891414323687, "y": 0.30598052851182195, "ex": 0.6385869106499557, "ey": 0.8652890919928472}], "12": [{"x": 0.41506161876317865, "y": 0.33876415656666004, "ex": 0.8017603737273028, "ey": 0.6824955295052653}], "13": [{"x": 0.30804664196363046, "y": 0.46691833896284524, "ex": 0.5969743770472414, "ey": 0.7967415060600039}], "14": [{"x": 0.18296751096517616, "y": 0.13610172859129743, "ex": 0.6553073903131418, "ey": 0.7878005165905027}], "15": [{"x": 0.5267697072752454, "y": 0.5116232863103517, "ex": 1, "ey": 0.9298629048281344}, {"x": 0.1281974288695345, "y": 0.2930657659447645, "ex": 0.6130278869302127, "ey": 0.6765348698589311}], "16": [{"x": 0.23213958647340252, "y": 0.17285912974369164, "ex": 0.735153101632297, "ey": 0.7202463739320485}], "17": [{"x": 0.14766974815178158, "y": 0.14802304788396584, "ex": 0.8655980877769223, "ey": 0.8295251341148421}], "18": [{"x": 0.09710596814901715, "y": 0.19372143850586132, "ex": 0.8525322697520814, "ey": 0.8821776276574608}], "19": [{"x": 0.20913482720047732, "y": 0.13212795549374132, "ex": 0.7835567444251474, "ey": 0.7858136300417246}], "20": [{"x": 0.2695321231435029, "y": 0.17385257301808066, "ex": 0.7609553962079442, "ey": 0.8205841446453407}], "21": [{"x": 0.4069944964443191, "y": 0.31094774488376714, "ex": 0.6187429050329929, "ey": 0.7937611762368368}], "22": [{"x": 0.21494433704135285, "y": 0.27717067355454, "ex": 0.8796043232401327, "ey": 0.7371349095966621}], "23": [{"x": 0.11592012459840596, "y": 0.21458374726803098, "ex": 0.6914596929437298, "ey": 0.8354857937611763}], "24": [{"x": 0.18099442202476784, "y": 0.11325253328034969, "ex": 1, "ey": 0.6228889330419233}], "25": [{"x": 0.10768486606828398, "y": 0.03179018478044904, "ex": 0.6390951361958938, "ey": 0.6616332207430956}], "26": [{"x": 0.024092729285953303, "y": 0.1589509239022452, "ex": 0.672516286692259, "ey": 0.8036956089807272}], "27": "1", "28": "2", "30": "2", "32": "2"}