{"1": [{"x": 0.4120859265196228, "y": 0.44899300128425934, "ex": 0.5371770643486125, "ey": 0.5585034894023714}], "2": [{"x": 0.3047766321424593, "y": 0.29966051748683387, "ex": 0.74443009579206, "ey": 0.5495435403745259}], "3": [{"x": 0.4345617790770637, "y": 0.40817545571296304, "ex": 0.5654492356958044, "ey": 0.6142542833534103}], "4": [{"x": 0.2179201996928341, "y": 0.33749141338218164, "ex": 0.5082961452813598, "ey": 0.5316236423188347}], "5": [{"x": 0.41264708940362316, "y": 0.28074506953915995, "ex": 0.5291275863870769, "ey": 0.45197965096020787}], "6": [{"x": 0.3591610146909138, "y": 0.2538652224556234, "ex": 0.4970180457720855, "ey": 0.499766045775384}], "7": [{"x": 0.32574554375744125, "y": 0.13340368552570012, "ex": 0.7467915355415251, "ey": 0.6351608310850498}], "8": [{"x": 0.19858739488466068, "y": 0.15032803368940834, "ex": 0.8093640330748582, "ey": 0.6242097822732386}], "9": [{"x": 0.10355304214215265, "y": 0.22698537537208677, "ex": 0.8725340824209008, "ey": 0.847212958077394}], "10": [{"x": 0.1880871204042909, "y": 0.17820343066492778, "ex": 0.6335432134179695, "ey": 0.5306280924268519}], "11": [{"x": 0.050052209402238826, "y": 0.13937698487759714, "ex": 0.8557720730128504, "ey": 0.7078359731997969}], "12": [{"x": 0.27077981743659607, "y": 0.1443547343375113, "ex": 0.49328743346909115, "ey": 0.4967793960994355}], "13": [{"x": 0.24315303289564869, "y": 0.06072854341095304, "ex": 0.7613419105015264, "ey": 0.640138580544964}], "14": [{"x": 0.3140866688791622, "y": 0.2897050185670055, "ex": 0.6269413370590798, "ey": 0.6719961770884147}], "15": [{"x": 0.27372249120607584, "y": 0.01194659870379404, "ex": 0.7547466070656478, "ey": 0.37631785916951227}], "16": [{"x": 0.10046231973746432, "y": 0.07765289157466126, "ex": 0.7973495567454951, "ey": 0.5903610859458222}], "17": [{"x": 0.2635540349408481, "y": 0.11050603801009487, "ex": 0.8671129167764635, "ey": 0.445010801716328}], "18": [{"x": 0.1837289322277798, "y": 0.022897647515605243, "ex": 0.5722715658307502, "ey": 0.5336147421028005}], "19": [{"x": 0.211421374257476, "y": 0.024888747299570916, "ex": 0.48907364575913026, "ey": 0.33251366392226744}], "20": [{"x": 0.12128476303888969, "y": 0.11448823757802622, "ex": 0.48272707626969436, "ey": 0.4808505978277101}], "21": [{"x": 0.025620743494606416, "y": 0.07566179179069558, "ex": 0.5626141646296102, "ey": 0.4310731032285683}], "22": [{"x": 0.14726162020019726, "y": 0.13439923541768295, "ex": 0.735379906899574, "ey": 0.7964399135862693}], "23": [{"x": 0.4927065214069338, "y": 0.24191862375182932, "ex": 0.9316403498116546, "ey": 0.5714456379981483}], "24": [{"x": 0.13146207884298058, "y": 0.052764144275090345, "ex": 0.8506223248930377, "ey": 0.6789650263322946}]}