{"1": [{"x": 0.24757668737063307, "y": 0.19413222893665316, "ex": 0.8685379151573859, "ey": 0.7446713192031619}]}