{"29": [{"x": 0.24240636304319066, "y": 0.17322568120501358, "ex": 0.7299817766982889, "ey": 0.7705556163947156}], "30": [{"x": 0.23844296585226615, "y": 0.2329586747239838, "ex": 0.583458130125685, "ey": 0.786484414666441}]}